Schedule,Logements,Commentaires,Questions,,,,,,,
Tahiti 04/09 - 07/09,Annonce,,,,,,,,,
Moorea 07/09 - 14/09,Annonce,Pas de kayak. A louer a coté,,,,,,,,
Tahaa 14/09 - 19/09,Annonce,,,,,,,,,
Maupiti 19/09 - 22/09,Annonce,"1 kayak (commentaire client)
Possibilité livraison repas restaurant",Comment faire des courses et comment se deplacer sur le reste de maupiti ?,,,,,,,
Bora bora 22/09 - 25/09,Annonce,Louer voiture d'apres le proprio,,,,,,,,
Bora bora 25/09 - 29/09,Annonce,Restaurants pas lon sur plage matira,,,,,,,,
Tahiti 29/09 - 02/10,Annonce,,,,,,,,,
,,,,,,,,,,
,,,,,,,,,,
,,,,,,,,,,
,,,,,,,,,,
,,,,,,,,,,
,,,,,,,,,,
,,,,,,,,,,
,,,,,,,,,,
,,,,,,,,,,
,,,,,,,,,,
,,,,,,,,,,
,,,,,,,,,,
,,,,,,,,,,
,,,,,,,,,,
,,,,,,,,,,
,,,,,,,,,,
,,,,,,,,,,
,,,,,,,,,,
,,,,,,,,,,
